1,Fernando Gómez,Gracias por el esfuerzo
2,Ana María Jiménez,No sirve para nada
3,Andrés Salazar,Muy buen video
4,Laura Herrera,Gracias por compartir
5,Laura Herrera,Excelente explicación
6,Ricardo Morales,Buen trabajo
7,Camila Sánchez,Muy claro y completo
8,Fernando Gómez,Gracias por el esfuerzo
9,Paula Martínez,"No aprendí nada, estúpido contenido"
10,David Morales,Muy interesante
11,Laura Herrera,Muy buen video
12,Manuel Castro,Gracias por la información
13,Ricardo Morales,Gracias por la información
14,Ricardo Morales,Gracias por la información
15,Ana María Jiménez,Gracias por el esfuerzo
16,Fernando Gómez,Gracias por el esfuerzo
17,Luis Fernández,Buen trabajo
18,Camila Sánchez,Gracias por el tutorial
19,Paula Martínez,Gracias por la información
20,María José Vargas,Gracias por el tutorial
21,Andrés Salazar,Gracias por el esfuerzo
22,Camila Sánchez,Muy claro y útil
23,María José Vargas,Muy buen video
24,Andrés Salazar,Muy interesante
25,David Morales,Basura total
26,Diana Ruiz,Pésimo
27,Natalia Cueva,Gracias por el tutorial
28,Natalia Cueva,Gracias por la información
29,Ana María Jiménez,Gracias por el tutorial
30,Carlos Ramírez,Muy claro y útil
31,Juan Carlos Fernández,Gracias por el esfuerzo
32,Juan Carlos Fernández,Gracias por el tutorial
33,Fernando Gómez,Muy claro y completo
34,José Paredes,Excelente explicación
35,Julia Torres,Muy claro y completo
36,Paula Martínez,Muy buen video
37,Fernando Gómez,Muy buen video
38,Carlos Ramírez,Muy buen video
39,Natalia Cueva,Muy claro y útil
40,Carlos Ramírez,No sirve para nada
41,Juan Carlos Fernández,Muy claro y completo
42,Natalia Cueva,Gracias por la información
43,Natalia Cueva,Gracias por compartir
44,Ricardo Morales,Excelente explicación
45,Laura Herrera,Gracias por compartir
46,Ricardo Morales,Muy interesante
47,Gabriela Medina,Qué porquería de contenido
48,Fernando Gómez,Gracias por el esfuerzo
49,Ricardo Morales,Gracias por compartir
50,Gabriela Medina,Muy interesante
51,Juan Carlos Fernández,Gracias por compartir
52,Manuel Castro,Muy buen contenido
53,Carlos Ramírez,Muy interesante
54,Diego López,Muy claro y completo
55,Carlos Ramírez,Malísimo
56,María José Vargas,Muy interesante
57,Diego López,Excelente explicación
58,Laura Herrera,Excelente explicación
59,Paula Martínez,Muy claro y completo
60,Natalia Cueva,Muy claro y útil
61,Manuel Castro,Gracias por compartir
62,Andrés Salazar,Muy claro y útil
63,Natalia Cueva,Muy interesante
64,Gabriela Medina,Muy interesante
65,Andrés Salazar,Muy claro y útil
66,Andrés Salazar,Muy interesante
67,Andrés Salazar,Muy claro y completo
68,María José Vargas,Basura total
69,Gabriela Medina,Muy buen video
70,Gabriela Medina,Muy claro y útil
71,Ana María Jiménez,Excelente explicación
72,Diana Ruiz,Gracias por la información
73,Natalia Cueva,Gracias por el esfuerzo
74,Diana Ruiz,Muy buen video
75,Julia Torres,Gracias por compartir
76,Sandra Pérez,Excelente explicación
77,José Paredes,Muy claro y útil
78,David Morales,Esto es basura
79,Diego López,Muy buen contenido
80,Natalia Cueva,Buen trabajo
81,Juan Carlos Fernández,Gracias por el tutorial
82,Sandra Pérez,Gracias por el tutorial
83,Fernando Gómez,Gracias por el esfuerzo
84,Gabriela Medina,Qué idiotez
85,Julia Torres,Buen trabajo
86,Manuel Castro,Muy interesante
87,Laura Herrera,Muy buen contenido
88,María José Vargas,Muy claro y útil
89,Julia Torres,Muy interesante
90,Andrés Salazar,Excelente explicación
91,José Paredes,Excelente explicación
92,Ricardo Morales,Gracias por la información
93,Manuel Castro,Muy interesante
94,Luis Fernández,Muy claro y completo
95,David Morales,Muy buen video
96,Ana María Jiménez,Gracias por la información
97,Natalia Cueva,Gracias por el esfuerzo
98,Fernando Gómez,Excelente explicación
99,Julia Torres,Gracias por el esfuerzo
100,Carlos Ramírez,Buen trabajo
101,Andrés Salazar,Muy interesante
102,Sandra Pérez,Gracias por el esfuerzo
103,Paula Martínez,Pésimo
104,Diana Ruiz,Muy claro y útil
105,Ricardo Morales,Muy buen video
106,Camila Sánchez,Muy buen contenido
107,Camila Sánchez,Gracias por el tutorial
108,Diego López,Muy interesante
109,Carlos Ramírez,Muy interesante
110,Luis Fernández,Buen trabajo
111,Ana María Jiménez,Excelente explicación
112,Ana María Jiménez,Muy interesante
113,María José Vargas,Muy claro y completo
114,Sandra Pérez,Gracias por el esfuerzo
115,Ana María Jiménez,Gracias por el esfuerzo
116,Julia Torres,Muy buen video
117,Andrés Salazar,Muy interesante
118,Carlos Ramírez,Excelente explicación
119,Fernando Gómez,Gracias por el esfuerzo
120,Manuel Castro,Muy claro y útil
121,Gabriela Medina,Muy claro y útil
122,Diego López,Buen trabajo
123,Andrés Salazar,Muy claro y útil
124,Juan Carlos Fernández,Gracias por el esfuerzo
125,Paula Martínez,Muy claro y útil
126,María José Vargas,Muy buen contenido
127,Ricardo Morales,Muy buen video
128,Luis Fernández,Gracias por la información
129,María José Vargas,No sirve para nada
130,Camila Sánchez,Gracias por el esfuerzo
131,María José Vargas,Muy claro y útil
132,Manuel Castro,Muy interesante
133,Julia Torres,Gracias por el tutorial
134,Gabriela Medina,Muy buen contenido
135,Andrés Salazar,Muy buen contenido
136,Andrés Salazar,Gracias por compartir
137,Manuel Castro,Excelente explicación
138,Fernando Gómez,Esto apesta
139,Julia Torres,Gracias por compartir
140,Diego López,Gracias por compartir
141,Diana Ruiz,Gracias por el esfuerzo
142,Julia Torres,Muy claro y completo
143,Ricardo Morales,Gracias por el esfuerzo
144,Diana Ruiz,Muy interesante
145,Natalia Cueva,Gracias por el tutorial
146,Gabriela Medina,Buen trabajo
147,Juan Carlos Fernández,Buen trabajo
148,David Morales,Gracias por la información
149,Andrés Salazar,Excelente explicación
150,Manuel Castro,Gracias por el tutorial
151,Camila Sánchez,Excelente explicación
152,Luis Fernández,Gracias por el esfuerzo
153,Fernando Gómez,Este video es una mierda
154,Juan Carlos Fernández,Basura total
155,Juan Carlos Fernández,Muy buen video
156,Ricardo Morales,Gracias por el tutorial
157,Diana Ruiz,Excelente explicación
158,Paula Martínez,Muy claro y útil
159,Sandra Pérez,Muy buen video
160,Juan Carlos Fernández,Gracias por el esfuerzo
161,Andrés Salazar,Excelente explicación
162,David Morales,Esto es una mierda
163,Natalia Cueva,Muy interesante
164,Laura Herrera,Gracias por el tutorial
165,David Morales,Gracias por la información
166,Natalia Cueva,Muy interesante
167,Juan Carlos Fernández,Gracias por la información
168,Gabriela Medina,Excelente explicación
169,Diego López,Malísimo
170,Julia Torres,Malísimo
171,María José Vargas,Muy interesante
172,Sandra Pérez,Gracias por compartir
173,Laura Herrera,Muy buen contenido
174,María José Vargas,Gracias por el esfuerzo
175,Natalia Cueva,Excelente explicación
176,Laura Herrera,Muy buen video
177,Fernando Gómez,Gracias por la información
178,Fernando Gómez,Muy buen contenido
179,Diana Ruiz,Gracias por la información
180,Andrés Salazar,Gracias por la información
181,Juan Carlos Fernández,Buen trabajo
182,Diego López,Buen trabajo
183,Ana María Jiménez,Buen trabajo
184,Carlos Ramírez,Gracias por compartir
185,Laura Herrera,Gracias por compartir
186,Julia Torres,Gracias por la información
187,Manuel Castro,Gracias por la información
188,Fernando Gómez,Excelente explicación
189,Carlos Ramírez,Muy buen video
190,Fernando Gómez,Muy claro y útil
191,Andrés Salazar,Gracias por la información
192,Juan Carlos Fernández,Muy claro y útil
193,Laura Herrera,Muy claro y completo
194,José Paredes,Muy buen video
195,Diego López,Muy interesante
196,Andrés Salazar,Muy claro y completo
197,José Paredes,No sirve para nada
198,Fernando Gómez,Gracias por el esfuerzo
199,Laura Herrera,Malísimo
200,Sandra Pérez,Muy claro y útil
201,María José Vargas,Muy claro y completo
202,Diana Ruiz,Buen trabajo
203,Carlos Ramírez,Excelente explicación
204,Diego López,Buen trabajo
205,María José Vargas,Gracias por compartir
206,Julia Torres,Buen trabajo
207,Carlos Ramírez,Buen trabajo
208,Camila Sánchez,Gracias por compartir
209,Carlos Ramírez,Muy interesante
210,Sandra Pérez,Gracias por la información
211,Laura Herrera,Muy buen contenido
212,Manuel Castro,Gracias por el esfuerzo
213,María José Vargas,Gracias por el tutorial
214,María José Vargas,Gracias por compartir
215,Diego López,Muy claro y completo
216,José Paredes,Muy claro y útil
217,Fernando Gómez,Muy buen contenido
218,Fernando Gómez,Gracias por el esfuerzo
219,Paula Martínez,Muy claro y completo
220,Gabriela Medina,Buen trabajo
221,Juan Carlos Fernández,Muy interesante
222,Ana María Jiménez,Excelente explicación
223,José Paredes,Muy buen contenido
224,Natalia Cueva,Buen trabajo
225,María José Vargas,Gracias por el esfuerzo
226,Diana Ruiz,Gracias por la información
227,Manuel Castro,Muy claro y útil
228,Camila Sánchez,Muy buen contenido
229,Gabriela Medina,Muy claro y completo
230,María José Vargas,Gracias por compartir
231,Andrés Salazar,Gracias por el esfuerzo
232,Manuel Castro,Muy buen contenido
233,Sandra Pérez,Gracias por compartir
234,Gabriela Medina,Muy claro y útil
235,Diana Ruiz,Muy buen contenido
236,Carlos Ramírez,Muy interesante
237,Gabriela Medina,Muy buen contenido
238,Luis Fernández,Muy claro y completo
239,Diego López,Gracias por la información
240,Julia Torres,Muy buen contenido
241,Sandra Pérez,Gracias por el esfuerzo
242,Natalia Cueva,Esto es basura
243,Andrés Salazar,Excelente explicación
244,José Paredes,Gracias por compartir
245,Camila Sánchez,Buen trabajo
246,Sandra Pérez,Gracias por el esfuerzo
247,Luis Fernández,Muy interesante
248,Natalia Cueva,Muy buen contenido
249,Paula Martínez,Muy buen contenido
250,Ana María Jiménez,Muy claro y completo
251,Laura Herrera,Este video es una mierda
252,Manuel Castro,Gracias por compartir
253,Camila Sánchez,Muy claro y útil
254,José Paredes,Gracias por el esfuerzo
255,Sandra Pérez,Excelente explicación
256,Diego López,Excelente explicación
257,Ana María Jiménez,Gracias por compartir
258,Camila Sánchez,Muy claro y completo
259,Andrés Salazar,Gracias por el tutorial
260,Juan Carlos Fernández,Buen trabajo
261,Juan Carlos Fernández,Gracias por el esfuerzo
262,Laura Herrera,Malísimo
263,Julia Torres,Muy buen video
264,Luis Fernández,Muy claro y útil
265,Paula Martínez,Muy claro y completo
266,Gabriela Medina,Gracias por la información
267,Camila Sánchez,Buen trabajo
268,Luis Fernández,Muy buen contenido
269,David Morales,Gracias por el tutorial
270,Camila Sánchez,Muy buen video
271,Carlos Ramírez,Buen trabajo
272,Fernando Gómez,Gracias por el esfuerzo
273,Juan Carlos Fernández,Muy claro y completo
274,María José Vargas,Esto es una mierda
275,Camila Sánchez,Muy buen contenido
276,Gabriela Medina,Gracias por la información
277,Diana Ruiz,Muy claro y completo
278,Manuel Castro,Gracias por el esfuerzo
279,Diana Ruiz,Muy claro y completo
280,Luis Fernández,Muy buen contenido
281,Paula Martínez,Excelente explicación
282,Luis Fernández,Muy buen contenido
283,María José Vargas,Muy buen video
284,Natalia Cueva,Esto es basura
285,Diana Ruiz,Muy interesante
286,Manuel Castro,Muy interesante
287,Luis Fernández,Excelente explicación
288,Ana María Jiménez,Gracias por el tutorial
289,Fernando Gómez,Muy buen video
290,Juan Carlos Fernández,Muy claro y completo
291,Paula Martínez,Buen trabajo
292,Fernando Gómez,Buen trabajo
293,Gabriela Medina,Gracias por la información
294,Ricardo Morales,Muy interesante
295,Fernando Gómez,Gracias por compartir
296,Laura Herrera,Esto es basura
297,Andrés Salazar,Muy buen contenido
298,Juan Carlos Fernández,Buen trabajo
299,Diana Ruiz,Muy buen video
300,Andrés Salazar,Gracias por el esfuerzo
301,Natalia Cueva,Muy buen contenido
302,Sandra Pérez,Muy interesante
303,Diego López,Basura total
304,Juan Carlos Fernández,Buen trabajo
305,José Paredes,Muy buen video
306,Natalia Cueva,Muy buen video
307,David Morales,Excelente explicación
308,Julia Torres,Gracias por el esfuerzo
309,Fernando Gómez,Muy interesante
310,Ana María Jiménez,Gracias por el tutorial
311,Gabriela Medina,Excelente explicación
312,Juan Carlos Fernández,Esto es una mierda
313,Diana Ruiz,Muy buen contenido
314,Julia Torres,Buen trabajo
315,Andrés Salazar,Muy buen video
316,María José Vargas,Muy claro y útil
317,Carlos Ramírez,Gracias por la información
318,Manuel Castro,Muy interesante
319,Fernando Gómez,Gracias por el tutorial
320,David Morales,Gracias por compartir
321,Gabriela Medina,Excelente explicación
322,Julia Torres,Muy claro y útil
323,Sandra Pérez,Muy interesante
324,Juan Carlos Fernández,Buen trabajo
325,José Paredes,Muy buen video
326,Ricardo Morales,Buen trabajo
327,Diana Ruiz,Gracias por compartir
328,Natalia Cueva,Muy buen contenido
329,Diana Ruiz,Gracias por compartir
330,Paula Martínez,Excelente explicación
331,Laura Herrera,Gracias por compartir
332,Ana María Jiménez,Muy buen contenido
333,María José Vargas,Muy claro y completo
334,David Morales,Muy buen contenido
335,Juan Carlos Fernández,Gracias por la información
336,Fernando Gómez,Gracias por compartir
337,José Paredes,Muy buen video
338,Carlos Ramírez,Esto apesta
339,Ana María Jiménez,Gracias por el tutorial
340,Andrés Salazar,Muy claro y útil
341,Gabriela Medina,Buen trabajo
342,Sandra Pérez,Gracias por la información
343,Julia Torres,Esto es una mierda
344,María José Vargas,Muy buen video
345,María José Vargas,Esto es una mierda
346,Natalia Cueva,Muy buen video
347,David Morales,Gracias por compartir
348,Fernando Gómez,Gracias por el tutorial
349,Natalia Cueva,Muy claro y completo
350,Diego López,Muy claro y completo
351,Laura Herrera,Muy claro y completo
352,Sandra Pérez,No sirve para nada
353,David Morales,Excelente explicación
354,Ana María Jiménez,Gracias por la información
355,Diego López,Muy claro y útil
356,José Paredes,Buen trabajo
357,Paula Martínez,Buen trabajo
358,Ricardo Morales,"No aprendí nada, estúpido contenido"
359,Manuel Castro,Muy interesante
360,Gabriela Medina,Gracias por el tutorial
361,David Morales,Gracias por compartir
362,Andrés Salazar,Gracias por compartir
363,Paula Martínez,Basura total
364,Natalia Cueva,No sirve para nada
365,Ana María Jiménez,Muy claro y útil
366,Ricardo Morales,Muy buen contenido
367,David Morales,Muy buen contenido
368,David Morales,Esto es una mierda
369,Ricardo Morales,Gracias por la información
370,Gabriela Medina,Gracias por el esfuerzo
371,Carlos Ramírez,Gracias por la información
372,María José Vargas,Muy claro y útil
373,Diego López,Muy buen contenido
374,Camila Sánchez,Muy claro y completo
375,Fernando Gómez,Buen trabajo
376,Diego López,Muy buen contenido
377,Natalia Cueva,Buen trabajo
378,Fernando Gómez,Gracias por compartir
379,Andrés Salazar,Gracias por compartir
380,Juan Carlos Fernández,Gracias por el esfuerzo
381,Diana Ruiz,"No aprendí nada, estúpido contenido"
382,Luis Fernández,Muy claro y completo
383,Laura Herrera,Gracias por la información
384,Luis Fernández,Esto es basura
385,Paula Martínez,Muy buen video
386,Carlos Ramírez,Muy interesante
387,Luis Fernández,Gracias por el tutorial
388,Juan Carlos Fernández,Muy buen contenido
389,Manuel Castro,Gracias por el esfuerzo
390,Diego López,Esto apesta
391,María José Vargas,Gracias por el tutorial
392,María José Vargas,Gracias por el tutorial
393,Laura Herrera,Muy interesante
394,Natalia Cueva,Muy buen video
395,Juan Carlos Fernández,Gracias por el tutorial
396,Manuel Castro,Gracias por compartir
397,Andrés Salazar,Gracias por el tutorial
398,Natalia Cueva,Muy buen contenido
399,David Morales,Buen trabajo
400,Fernando Gómez,Gracias por el esfuerzo
401,Ricardo Morales,Gracias por la información
402,María José Vargas,Gracias por compartir
403,Laura Herrera,Muy buen contenido
404,Diego López,Muy claro y útil
405,María José Vargas,Excelente explicación
406,José Paredes,Gracias por la información
407,Juan Carlos Fernández,Buen trabajo
408,Juan Carlos Fernández,Buen trabajo
409,Ana María Jiménez,Basura total
410,Diana Ruiz,Gracias por la información
411,Juan Carlos Fernández,Gracias por compartir
412,María José Vargas,Muy claro y útil
413,Gabriela Medina,Basura total
414,Paula Martínez,Gracias por compartir
415,Luis Fernández,Muy buen video
416,Juan Carlos Fernández,Excelente explicación
417,Julia Torres,Muy claro y completo
418,José Paredes,Gracias por compartir
419,Luis Fernández,Gracias por la información
420,David Morales,Gracias por el esfuerzo
421,Camila Sánchez,Muy claro y útil
422,Manuel Castro,Excelente explicación
423,José Paredes,Buen trabajo
424,Carlos Ramírez,Muy interesante
425,María José Vargas,Buen trabajo
426,Sandra Pérez,Muy claro y completo
427,Paula Martínez,Gracias por el esfuerzo
428,José Paredes,Muy buen video
429,José Paredes,Muy interesante
430,Paula Martínez,Buen trabajo
431,Diego López,Muy buen contenido
432,Sandra Pérez,Gracias por el tutorial
433,Gabriela Medina,Esto apesta
434,David Morales,Gracias por la información
435,Sandra Pérez,Gracias por la información
436,Camila Sánchez,Gracias por la información
437,José Paredes,Muy buen video
438,José Paredes,Gracias por la información
439,María José Vargas,Este video es una mierda
440,Ricardo Morales,Muy buen video
441,María José Vargas,Gracias por el esfuerzo
442,Manuel Castro,Gracias por el esfuerzo
443,Laura Herrera,Gracias por compartir
444,Camila Sánchez,Muy interesante
445,Fernando Gómez,Gracias por el esfuerzo
446,Ana María Jiménez,Muy buen contenido
447,José Paredes,Gracias por el esfuerzo
448,Gabriela Medina,Gracias por el tutorial
449,Manuel Castro,Gracias por compartir
450,Ricardo Morales,Muy claro y completo
451,Natalia Cueva,Gracias por compartir
452,Laura Herrera,Muy interesante
453,Julia Torres,Excelente explicación
454,José Paredes,Buen trabajo
455,Natalia Cueva,Una reverenda estupidez
456,Manuel Castro,Gracias por la información
457,Laura Herrera,"No aprendí nada, estúpido contenido"
458,Natalia Cueva,Gracias por la información
459,Natalia Cueva,Buen trabajo
460,Sandra Pérez,Muy buen video
461,Sandra Pérez,Gracias por el esfuerzo
462,José Paredes,Gracias por la información
463,Paula Martínez,Gracias por compartir
464,Gabriela Medina,Muy claro y completo
465,Gabriela Medina,Gracias por el tutorial
466,Laura Herrera,Excelente explicación
467,Ana María Jiménez,Muy buen contenido
468,José Paredes,Muy interesante
469,Luis Fernández,Buen trabajo
470,Laura Herrera,Gracias por la información
471,María José Vargas,Muy claro y completo
472,Juan Carlos Fernández,Muy claro y útil
473,Carlos Ramírez,Gracias por compartir
474,David Morales,Muy claro y completo
475,Manuel Castro,Buen trabajo
476,Ana María Jiménez,Gracias por el tutorial
477,Laura Herrera,Buen trabajo
478,David Morales,Muy claro y completo
479,Gabriela Medina,Muy claro y completo
480,Diego López,Muy buen contenido
481,Ana María Jiménez,Qué idiotez
482,Sandra Pérez,Gracias por la información
483,Carlos Ramírez,Gracias por el esfuerzo
484,Paula Martínez,Gracias por el esfuerzo
485,Sandra Pérez,Muy claro y útil
486,Manuel Castro,Muy claro y útil
487,Laura Herrera,Gracias por el tutorial
488,Andrés Salazar,Muy claro y útil
489,Diego López,Excelente explicación
490,Ana María Jiménez,Excelente explicación
491,Manuel Castro,Excelente explicación
492,Paula Martínez,Gracias por el tutorial
493,Juan Carlos Fernández,Excelente explicación
494,José Paredes,Basura total
495,Andrés Salazar,Muy buen video
496,Laura Herrera,Gracias por el esfuerzo
497,Camila Sánchez,Muy buen contenido
498,Andrés Salazar,Muy claro y completo
499,Paula Martínez,Muy claro y completo
500,David Morales,Pésimo
501,Gabriela Medina,Gracias por la información
502,Diego López,Muy claro y completo
503,José Paredes,Muy buen contenido
504,Carlos Ramírez,Gracias por el esfuerzo
505,Paula Martínez,Gracias por la información
506,Sandra Pérez,Gracias por el tutorial
507,David Morales,Muy interesante
508,José Paredes,Una reverenda estupidez
509,Gabriela Medina,Gracias por compartir
510,Diana Ruiz,Muy interesante
511,Fernando Gómez,Buen trabajo
512,Juan Carlos Fernández,Muy buen video
513,Luis Fernández,Muy buen contenido
514,Paula Martínez,Muy buen contenido
515,Paula Martínez,Muy buen video
516,Juan Carlos Fernández,Gracias por la información
517,Paula Martínez,Muy interesante
518,Paula Martínez,Muy claro y útil
519,Diana Ruiz,Buen trabajo
520,Diego López,Este video es una mierda
521,Laura Herrera,Muy buen contenido
522,Laura Herrera,Gracias por la información
523,Julia Torres,Gracias por compartir
524,Natalia Cueva,No sirve para nada
525,Gabriela Medina,Muy interesante
526,Ricardo Morales,Gracias por el esfuerzo
527,David Morales,Excelente explicación
528,Manuel Castro,Gracias por la información
529,Carlos Ramírez,Gracias por el tutorial
530,Andrés Salazar,Gracias por el esfuerzo
531,Diego López,Muy claro y completo
532,Ricardo Morales,Gracias por compartir
533,Sandra Pérez,Gracias por compartir
534,Diego López,Muy buen contenido
535,Juan Carlos Fernández,Muy buen video
536,Luis Fernández,Gracias por el esfuerzo
537,David Morales,Gracias por el tutorial
538,Gabriela Medina,Muy buen video
539,Luis Fernández,Muy interesante
540,Andrés Salazar,Gracias por la información
541,Diego López,Gracias por el esfuerzo
542,Diego López,Esto apesta
543,Julia Torres,Muy buen contenido
544,Ana María Jiménez,Muy buen video
545,Fernando Gómez,Gracias por el esfuerzo
546,Ana María Jiménez,Gracias por la información
547,Diana Ruiz,Gracias por el tutorial
548,Natalia Cueva,Muy buen contenido
549,Manuel Castro,Gracias por compartir
550,Luis Fernández,Buen trabajo
551,Diana Ruiz,Pésimo
552,Sandra Pérez,Gracias por el tutorial
553,Manuel Castro,Muy claro y completo
554,Gabriela Medina,Muy buen video
555,Paula Martínez,Muy interesante
556,Paula Martínez,Muy interesante
557,Juan Carlos Fernández,Gracias por el esfuerzo
558,Diego López,Muy interesante
559,Luis Fernández,Muy claro y completo
560,Natalia Cueva,Buen trabajo
561,Juan Carlos Fernández,Gracias por la información
562,Natalia Cueva,Muy interesante
563,Ana María Jiménez,Muy buen video
564,Julia Torres,Gracias por el esfuerzo
565,María José Vargas,Gracias por el esfuerzo
566,Sandra Pérez,Muy claro y útil
567,David Morales,Gracias por el esfuerzo
568,Ricardo Morales,Muy claro y útil
569,Julia Torres,Buen trabajo
570,Carlos Ramírez,Qué idiotez
571,María José Vargas,Muy claro y útil
572,Diego López,Muy interesante
573,Luis Fernández,Buen trabajo
574,Fernando Gómez,Muy buen video
575,David Morales,Muy buen video
576,Camila Sánchez,Gracias por compartir
577,María José Vargas,Gracias por el esfuerzo
578,Camila Sánchez,Buen trabajo
579,David Morales,Qué porquería de contenido
580,Julia Torres,Qué porquería de contenido
581,Julia Torres,Muy interesante
582,José Paredes,Muy buen video
583,Juan Carlos Fernández,Buen trabajo
584,David Morales,Muy buen video
585,Camila Sánchez,Gracias por el tutorial
586,Ricardo Morales,Gracias por el esfuerzo
587,Fernando Gómez,Gracias por el tutorial
588,Diego López,"No aprendí nada, estúpido contenido"
589,Carlos Ramírez,Excelente explicación
590,Diego López,Gracias por el tutorial
591,Ricardo Morales,Buen trabajo
592,María José Vargas,Muy claro y completo
593,Gabriela Medina,Muy buen contenido
594,María José Vargas,Excelente explicación
595,Carlos Ramírez,Excelente explicación
596,Camila Sánchez,Muy claro y completo
597,María José Vargas,Muy claro y completo
598,Juan Carlos Fernández,Muy buen video
599,Natalia Cueva,Buen trabajo
600,Carlos Ramírez,Muy claro y útil
601,David Morales,Muy buen contenido
602,Luis Fernández,Gracias por el tutorial
603,Juan Carlos Fernández,Excelente explicación
604,Carlos Ramírez,Buen trabajo
605,José Paredes,Buen trabajo
606,Andrés Salazar,Gracias por el esfuerzo
607,Andrés Salazar,Muy buen video
608,Sandra Pérez,Gracias por el esfuerzo
609,Ana María Jiménez,Gracias por compartir
610,David Morales,Muy claro y útil
611,Ana María Jiménez,Gracias por el tutorial
612,Manuel Castro,Muy claro y completo
613,David Morales,Gracias por la información
614,Julia Torres,Gracias por el tutorial
615,Diego López,Gracias por el esfuerzo
616,Gabriela Medina,Muy buen video
617,Paula Martínez,Muy claro y útil
618,Camila Sánchez,Gracias por compartir
619,Fernando Gómez,Muy interesante
620,Diana Ruiz,Gracias por el tutorial
621,Camila Sánchez,Gracias por la información
622,Ricardo Morales,Muy claro y completo
623,Fernando Gómez,Muy claro y completo
624,José Paredes,Muy interesante
625,Laura Herrera,Gracias por la información
626,Diana Ruiz,Muy claro y completo
627,María José Vargas,Gracias por compartir
628,Julia Torres,Buen trabajo
629,Fernando Gómez,Excelente explicación
630,Paula Martínez,Muy interesante
631,José Paredes,Muy buen contenido
632,Sandra Pérez,No sirve para nada
633,Natalia Cueva,Muy claro y completo
634,Paula Martínez,Muy buen contenido
635,David Morales,Gracias por compartir
636,Diana Ruiz,Buen trabajo
637,Laura Herrera,Buen trabajo
638,Fernando Gómez,Muy interesante
639,Paula Martínez,Muy claro y completo
640,Carlos Ramírez,Muy claro y útil
641,José Paredes,Gracias por la información
642,David Morales,Gracias por la información
643,José Paredes,Muy interesante
644,David Morales,Excelente explicación
645,David Morales,Gracias por compartir
646,Luis Fernández,Este video es una mierda
647,Manuel Castro,Gracias por el esfuerzo
648,Ana María Jiménez,Gracias por compartir
649,Carlos Ramírez,Buen trabajo
650,Paula Martínez,Gracias por la información
651,Fernando Gómez,Muy claro y útil
652,Natalia Cueva,Gracias por compartir
653,Diego López,Gracias por el tutorial
654,Fernando Gómez,Muy interesante
655,Fernando Gómez,Gracias por el esfuerzo
656,Camila Sánchez,Muy buen contenido
657,José Paredes,Muy claro y útil
658,José Paredes,Muy claro y completo
659,Natalia Cueva,Muy claro y completo
660,Luis Fernández,Excelente explicación
661,Fernando Gómez,Gracias por compartir
662,Andrés Salazar,Muy buen video
663,Ricardo Morales,Gracias por la información
664,Diego López,Muy claro y completo
665,Gabriela Medina,Muy claro y útil
666,Carlos Ramírez,Gracias por la información
667,Andrés Salazar,Gracias por la información
668,José Paredes,Muy claro y útil
669,Ana María Jiménez,Buen trabajo
670,David Morales,Buen trabajo
671,Sandra Pérez,Muy buen contenido
672,Gabriela Medina,Muy interesante
673,Julia Torres,"No aprendí nada, estúpido contenido"
674,Sandra Pérez,Gracias por compartir
675,Juan Carlos Fernández,Buen trabajo
676,Gabriela Medina,Muy buen video
677,Carlos Ramírez,Gracias por compartir
678,Sandra Pérez,Muy buen video
679,Camila Sánchez,Gracias por el esfuerzo
680,Paula Martínez,Excelente explicación
681,Manuel Castro,Gracias por compartir
682,José Paredes,Gracias por el tutorial
683,Ricardo Morales,Muy buen contenido
684,José Paredes,Gracias por la información
685,Carlos Ramírez,Excelente explicación
686,Juan Carlos Fernández,Gracias por compartir
687,Camila Sánchez,Qué porquería de contenido
688,Camila Sánchez,Muy buen video
689,Diego López,Gracias por el esfuerzo
690,Fernando Gómez,Muy claro y completo
691,Ricardo Morales,Gracias por la información
692,Paula Martínez,Muy interesante
693,José Paredes,Muy interesante
694,Juan Carlos Fernández,Qué porquería de contenido
695,David Morales,Gracias por la información
696,Diego López,Gracias por compartir
697,Andrés Salazar,Muy claro y completo
698,Andrés Salazar,Esto es basura
699,José Paredes,Esto es basura
700,Fernando Gómez,Gracias por la información
701,Andrés Salazar,Muy claro y completo
702,Ana María Jiménez,Gracias por compartir
703,Fernando Gómez,Muy claro y completo
704,Diego López,Gracias por la información
705,Diana Ruiz,Muy buen video
706,Luis Fernández,Gracias por compartir
707,María José Vargas,Excelente explicación
708,Sandra Pérez,Buen trabajo
709,Diego López,Gracias por el esfuerzo
710,Ricardo Morales,"No aprendí nada, estúpido contenido"
711,Laura Herrera,Muy claro y útil
712,Sandra Pérez,Muy claro y completo
713,Diego López,Muy buen contenido
714,Manuel Castro,Gracias por el esfuerzo
715,José Paredes,Gracias por el tutorial
716,Natalia Cueva,Gracias por el tutorial
717,Carlos Ramírez,Gracias por compartir
718,Camila Sánchez,Muy buen contenido
719,José Paredes,Muy claro y completo
720,Camila Sánchez,Muy claro y útil
721,Luis Fernández,Gracias por compartir
722,Sandra Pérez,Gracias por compartir
723,Carlos Ramírez,Buen trabajo
724,Luis Fernández,Muy claro y completo
725,Gabriela Medina,Muy claro y útil
726,Laura Herrera,Gracias por compartir
727,José Paredes,Gracias por el tutorial
728,David Morales,Gracias por la información
729,Luis Fernández,Muy buen video
730,Fernando Gómez,Muy interesante
731,Andrés Salazar,Buen trabajo
732,Andrés Salazar,Gracias por la información
733,Ricardo Morales,Gracias por el tutorial
734,Gabriela Medina,Gracias por el tutorial
735,Juan Carlos Fernández,Gracias por el esfuerzo
736,Ricardo Morales,Muy buen contenido
737,Ricardo Morales,Buen trabajo
738,Manuel Castro,Excelente explicación
739,David Morales,Gracias por compartir
740,Andrés Salazar,Gracias por el esfuerzo
741,Ricardo Morales,Gracias por compartir
742,Sandra Pérez,Muy buen video
743,Paula Martínez,Gracias por el esfuerzo
744,Natalia Cueva,Gracias por compartir
745,Camila Sánchez,Muy buen contenido
746,Ana María Jiménez,Qué porquería de contenido
747,Ana María Jiménez,Buen trabajo
748,Ana María Jiménez,Esto es una mierda
749,José Paredes,Muy buen video
750,Juan Carlos Fernández,Buen trabajo
751,Natalia Cueva,Gracias por el esfuerzo
752,David Morales,Excelente explicación
753,Fernando Gómez,Muy buen video
754,José Paredes,Este video es una mierda
755,Julia Torres,Gracias por la información
756,José Paredes,Muy buen video
757,Paula Martínez,Muy claro y útil
758,José Paredes,Muy buen video
759,Laura Herrera,Muy claro y útil
760,Luis Fernández,Gracias por compartir
761,María José Vargas,Gracias por el esfuerzo
762,José Paredes,Muy interesante
763,Juan Carlos Fernández,Gracias por compartir
764,Fernando Gómez,Gracias por compartir
765,Diana Ruiz,Muy buen contenido
766,Sandra Pérez,Muy claro y útil
767,Julia Torres,Muy buen contenido
768,Andrés Salazar,No sirve para nada
769,Juan Carlos Fernández,Muy claro y completo
770,Sandra Pérez,Muy buen video
771,Natalia Cueva,Qué porquería de contenido
772,David Morales,Buen trabajo
773,David Morales,Muy interesante
774,Natalia Cueva,Pésimo
775,Diego López,Buen trabajo
776,Andrés Salazar,Gracias por el esfuerzo
777,Natalia Cueva,Muy claro y útil
778,Julia Torres,Buen trabajo
779,Manuel Castro,Gracias por el tutorial
780,Laura Herrera,Gracias por el tutorial
781,José Paredes,Basura total
782,Luis Fernández,Muy interesante
783,Diego López,Gracias por compartir
784,Andrés Salazar,Gracias por el tutorial
785,Ana María Jiménez,Muy buen contenido
786,Manuel Castro,Muy interesante
787,Julia Torres,Gracias por la información
788,Sandra Pérez,Basura total
789,Camila Sánchez,Gracias por el tutorial
790,Ana María Jiménez,Gracias por la información
791,Natalia Cueva,"No aprendí nada, estúpido contenido"
792,Luis Fernández,Gracias por compartir
793,Juan Carlos Fernández,Muy buen video
794,Juan Carlos Fernández,Excelente explicación
795,Ricardo Morales,Muy interesante
796,David Morales,Excelente explicación
797,Diana Ruiz,Excelente explicación
798,Andrés Salazar,Gracias por el tutorial
799,Natalia Cueva,Gracias por compartir
800,Juan Carlos Fernández,Muy claro y útil
801,Paula Martínez,Qué porquería de contenido
802,Diana Ruiz,Excelente explicación
803,Juan Carlos Fernández,Muy buen contenido
804,David Morales,Muy buen video
805,Ana María Jiménez,Muy interesante
806,Natalia Cueva,Esto es basura
807,Julia Torres,Gracias por compartir
808,José Paredes,Gracias por el tutorial
809,Diego López,Buen trabajo
810,Paula Martínez,Excelente explicación
811,Diana Ruiz,Muy buen video
812,Camila Sánchez,"No aprendí nada, estúpido contenido"
813,María José Vargas,Muy buen contenido
814,Diego López,Gracias por el tutorial
815,Camila Sánchez,Gracias por la información
816,Laura Herrera,Gracias por la información
817,Natalia Cueva,Gracias por la información
818,Julia Torres,Muy buen contenido
819,Diego López,Gracias por el esfuerzo
820,Diego López,Gracias por el tutorial
821,Laura Herrera,Excelente explicación
822,Julia Torres,Muy claro y útil
823,Diana Ruiz,Buen trabajo
824,Gabriela Medina,Esto es una mierda
825,Carlos Ramírez,Muy buen contenido
826,Ricardo Morales,Gracias por compartir
827,Ana María Jiménez,Pésimo
828,Diego López,Gracias por la información
829,Manuel Castro,Gracias por el esfuerzo
830,Camila Sánchez,Gracias por el tutorial
831,Natalia Cueva,Muy claro y útil
832,Andrés Salazar,Muy interesante
833,Paula Martínez,Gracias por la información
834,Laura Herrera,Gracias por el esfuerzo
835,Sandra Pérez,No sirve para nada
836,Paula Martínez,Gracias por compartir
837,Carlos Ramírez,Gracias por el esfuerzo
838,Ana María Jiménez,Qué porquería de contenido
839,Ricardo Morales,Muy buen contenido
840,Camila Sánchez,Muy interesante
841,Diego López,Esto apesta
842,Manuel Castro,Gracias por la información
843,Camila Sánchez,Gracias por compartir
844,Julia Torres,Muy interesante
845,Paula Martínez,Excelente explicación
846,Luis Fernández,Qué idiotez
847,Paula Martínez,Gracias por compartir
848,Carlos Ramírez,Excelente explicación
849,José Paredes,Muy buen video
850,Sandra Pérez,Gracias por la información
851,Fernando Gómez,Gracias por la información
852,Natalia Cueva,Muy buen video
853,Ricardo Morales,Muy buen contenido
854,Diana Ruiz,Muy buen contenido
855,Camila Sánchez,Gracias por compartir
856,Juan Carlos Fernández,Muy buen video
857,Diana Ruiz,Muy buen video
858,Paula Martínez,Muy buen video
859,Juan Carlos Fernández,Gracias por el tutorial
860,José Paredes,Buen trabajo
861,Fernando Gómez,Muy interesante
862,Fernando Gómez,Muy claro y útil
863,Luis Fernández,Muy interesante
864,Julia Torres,Pésimo
865,Camila Sánchez,Muy claro y completo
866,Manuel Castro,Gracias por compartir
867,Natalia Cueva,Muy buen video
868,Julia Torres,Gracias por compartir
869,Luis Fernández,Gracias por el tutorial
870,Julia Torres,Muy claro y completo
871,Fernando Gómez,Muy claro y útil
872,Juan Carlos Fernández,Gracias por la información
873,Juan Carlos Fernández,Una reverenda estupidez
874,Luis Fernández,Gracias por la información
875,Natalia Cueva,Muy interesante
876,Gabriela Medina,Muy buen video
877,Diego López,Esto es una mierda
878,Fernando Gómez,Buen trabajo
879,Andrés Salazar,Gracias por el tutorial
880,María José Vargas,Gracias por el esfuerzo
881,Luis Fernández,Muy claro y útil
882,Andrés Salazar,Excelente explicación
883,José Paredes,Muy buen video
884,Diego López,Muy claro y útil
885,Andrés Salazar,Gracias por la información
886,José Paredes,Muy interesante
887,Fernando Gómez,Pésimo
888,Natalia Cueva,Muy claro y completo
889,Ricardo Morales,Gracias por la información
890,Fernando Gómez,Esto apesta
891,Gabriela Medina,Muy interesante
892,Camila Sánchez,Muy claro y útil
893,Juan Carlos Fernández,Muy claro y completo
894,Juan Carlos Fernández,Gracias por compartir
895,Ana María Jiménez,Muy claro y completo
896,Paula Martínez,Buen trabajo
897,José Paredes,Muy buen video
898,Julia Torres,Muy buen video
899,Juan Carlos Fernández,"No aprendí nada, estúpido contenido"
900,Fernando Gómez,Muy claro y completo
901,Gabriela Medina,Gracias por el tutorial
902,Carlos Ramírez,Gracias por el esfuerzo
903,Paula Martínez,Gracias por el tutorial
904,Ricardo Morales,Gracias por el tutorial
905,Julia Torres,Gracias por el esfuerzo
906,Laura Herrera,Gracias por la información
907,Paula Martínez,Gracias por compartir
908,Camila Sánchez,Muy buen contenido
909,Diana Ruiz,Muy interesante
910,José Paredes,Gracias por el esfuerzo
911,Manuel Castro,Muy interesante
912,María José Vargas,Muy buen video
913,Carlos Ramírez,Gracias por el tutorial
914,Natalia Cueva,Buen trabajo
915,Camila Sánchez,Qué porquería de contenido
916,José Paredes,Gracias por el esfuerzo
917,Laura Herrera,Excelente explicación
918,Natalia Cueva,Muy interesante
919,Camila Sánchez,Gracias por compartir
920,Ana María Jiménez,Gracias por el esfuerzo
921,Manuel Castro,Gracias por el tutorial
922,María José Vargas,Muy claro y útil
923,Carlos Ramírez,Muy interesante
924,Diana Ruiz,Muy buen contenido
925,Fernando Gómez,Muy interesante
926,Paula Martínez,Gracias por el esfuerzo
927,Gabriela Medina,Muy interesante
928,Manuel Castro,Excelente explicación
929,Fernando Gómez,Buen trabajo
930,Manuel Castro,Gracias por la información
931,María José Vargas,Muy claro y completo
932,José Paredes,Gracias por compartir
933,David Morales,Excelente explicación
934,Paula Martínez,Muy claro y completo
935,Fernando Gómez,Gracias por el tutorial
936,Ricardo Morales,Excelente explicación
937,Diana Ruiz,Excelente explicación
938,María José Vargas,Muy claro y completo
939,Fernando Gómez,Excelente explicación
940,Paula Martínez,Excelente explicación
941,Laura Herrera,Muy claro y útil
942,Laura Herrera,Gracias por el esfuerzo
943,Sandra Pérez,Muy interesante
944,Gabriela Medina,Gracias por el tutorial
945,Diego López,Muy claro y útil
946,Andrés Salazar,Muy interesante
947,Diana Ruiz,Buen trabajo
948,Diego López,Muy claro y completo
949,María José Vargas,Buen trabajo
950,Camila Sánchez,Excelente explicación
951,José Paredes,Buen trabajo
952,Carlos Ramírez,Gracias por la información
953,Manuel Castro,Muy claro y completo
954,Andrés Salazar,Buen trabajo
955,Camila Sánchez,Muy buen contenido
956,Ana María Jiménez,Muy buen contenido
957,Laura Herrera,Buen trabajo
958,Ana María Jiménez,Gracias por el esfuerzo
959,Diego López,Gracias por el tutorial
960,Manuel Castro,Gracias por compartir
961,Diego López,Excelente explicación
962,José Paredes,Qué porquería de contenido
963,Natalia Cueva,Muy interesante
964,Paula Martínez,Muy claro y útil
965,Camila Sánchez,Muy claro y útil
966,Juan Carlos Fernández,Gracias por la información
967,José Paredes,Gracias por compartir
968,Ana María Jiménez,Buen trabajo
969,Juan Carlos Fernández,Muy buen video
970,Ana María Jiménez,Gracias por compartir
971,Juan Carlos Fernández,Gracias por la información
972,Fernando Gómez,Buen trabajo
973,Carlos Ramírez,Qué porquería de contenido
974,José Paredes,Gracias por compartir
975,Andrés Salazar,Buen trabajo
976,Gabriela Medina,Muy buen contenido
977,Andrés Salazar,Muy buen video
978,Ricardo Morales,Muy buen video
979,Gabriela Medina,Muy buen video
980,Laura Herrera,Muy claro y completo
981,Diego López,Qué idiotez
982,Andrés Salazar,Una reverenda estupidez
983,Ana María Jiménez,Gracias por la información
984,Fernando Gómez,Excelente explicación
985,Diana Ruiz,Gracias por compartir
986,Sandra Pérez,Gracias por la información
987,Juan Carlos Fernández,Muy claro y completo
988,Diego López,Gracias por compartir
989,José Paredes,Excelente explicación
990,Laura Herrera,Muy claro y completo
991,Julia Torres,Muy interesante
992,Julia Torres,Gracias por la información
993,Luis Fernández,Gracias por compartir
994,Carlos Ramírez,Muy buen contenido
995,Andrés Salazar,Gracias por compartir
996,Laura Herrera,Qué porquería de contenido
997,Julia Torres,Gracias por compartir
998,Ricardo Morales,Gracias por la información
999,Juan Carlos Fernández,Muy interesante
1000,Fernando Gómez,Gracias por el esfuerzo
1001,Gabriela Medina,Gracias por la información
1002,Luis Fernández,Excelente explicación
1003,María José Vargas,Excelente explicación
1004,María José Vargas,Excelente explicación
1005,Natalia Cueva,Muy buen video
1006,Sandra Pérez,No sirve para nada
1007,Sandra Pérez,Qué porquería de contenido
1008,Laura Herrera,Muy buen video
1009,David Morales,Buen trabajo
1010,Diana Ruiz,Muy interesante
1011,María José Vargas,Muy buen contenido
1012,José Paredes,Muy claro y completo
1013,Camila Sánchez,Gracias por el esfuerzo
1014,Diego López,Muy buen video
1015,Diego López,Muy buen contenido
1016,Natalia Cueva,Muy claro y útil
1017,Laura Herrera,Muy claro y completo
1018,Diego López,Muy buen contenido
1019,María José Vargas,Gracias por la información
1020,Sandra Pérez,Muy buen video
1021,Laura Herrera,Buen trabajo
1022,Carlos Ramírez,Excelente explicación
1023,David Morales,Gracias por la información
1024,Andrés Salazar,Gracias por el tutorial
1025,Gabriela Medina,Muy interesante
1026,Diego López,Muy interesante
1027,Fernando Gómez,Muy buen video
1028,Andrés Salazar,Gracias por el tutorial
1029,Andrés Salazar,Muy interesante
1030,Diana Ruiz,Este video es una mierda
1031,Laura Herrera,Buen trabajo
1032,Paula Martínez,Muy interesante
1033,Diego López,Muy buen contenido
1034,Julia Torres,Gracias por el esfuerzo
1035,Ana María Jiménez,Excelente explicación
1036,Laura Herrera,Muy buen contenido
1037,Ana María Jiménez,Este video es una mierda
1038,Carlos Ramírez,Excelente explicación
1039,Ricardo Morales,Excelente explicación
1040,Ricardo Morales,Gracias por el tutorial
1041,Camila Sánchez,Muy buen contenido
1042,Ricardo Morales,Muy claro y útil
1043,Camila Sánchez,Muy buen video
1044,Camila Sánchez,Muy interesante
1045,Carlos Ramírez,Pésimo
1046,José Paredes,Gracias por el tutorial
1047,Natalia Cueva,Muy buen contenido
1048,José Paredes,Buen trabajo
1049,María José Vargas,Muy buen contenido
1050,Camila Sánchez,Gracias por la información
1051,Ricardo Morales,Gracias por el tutorial
1052,Julia Torres,Excelente explicación
1053,Diego López,Gracias por la información
1054,Gabriela Medina,Muy claro y útil
1055,David Morales,Muy claro y completo
1056,Ricardo Morales,Buen trabajo
1057,David Morales,Gracias por el esfuerzo
1058,Camila Sánchez,Excelente explicación
1059,Luis Fernández,Muy buen video
1060,Julia Torres,Muy buen video
1061,Ricardo Morales,Muy buen video
1062,Natalia Cueva,Buen trabajo
1063,Luis Fernández,Gracias por la información
1064,Diana Ruiz,Gracias por compartir
1065,Manuel Castro,Muy claro y útil
1066,Diana Ruiz,Basura total
1067,Julia Torres,Muy claro y útil
1068,Fernando Gómez,Muy claro y completo
1069,Ana María Jiménez,Muy interesante
1070,Fernando Gómez,Gracias por compartir
1071,Juan Carlos Fernández,Muy claro y completo
1072,Julia Torres,Este video es una mierda
1073,Carlos Ramírez,Gracias por la información
1074,Gabriela Medina,Excelente explicación
1075,Sandra Pérez,Muy claro y útil
1076,Ricardo Morales,Gracias por la información
1077,Sandra Pérez,Muy claro y completo
1078,María José Vargas,Muy buen video
1079,Manuel Castro,Muy buen video
1080,Laura Herrera,Buen trabajo
1081,María José Vargas,Muy buen contenido
1082,Juan Carlos Fernández,Muy claro y útil
1083,Sandra Pérez,Muy buen video
1084,Luis Fernández,Muy interesante
1085,Natalia Cueva,Gracias por el esfuerzo
1086,Julia Torres,Excelente explicación
1087,Paula Martínez,Excelente explicación
1088,Sandra Pérez,Muy buen video
1089,Laura Herrera,Gracias por el esfuerzo
1090,Andrés Salazar,Gracias por el tutorial
1091,Laura Herrera,Muy claro y completo
1092,Diego López,Muy buen contenido
1093,Diego López,Esto apesta
1094,Natalia Cueva,Gracias por el tutorial
1095,Gabriela Medina,Excelente explicación
1096,Sandra Pérez,Gracias por la información
1097,Ana María Jiménez,Gracias por la información
1098,Juan Carlos Fernández,Excelente explicación
1099,Ricardo Morales,Gracias por compartir
1100,Manuel Castro,Buen trabajo
1101,Sandra Pérez,Gracias por la información
1102,Manuel Castro,Muy claro y completo
1103,Diana Ruiz,Muy claro y completo
1104,David Morales,Muy claro y completo
1105,Fernando Gómez,Gracias por el esfuerzo
1106,Diana Ruiz,Excelente explicación
1107,Natalia Cueva,Excelente explicación
1108,Diego López,Muy buen contenido
1109,Carlos Ramírez,Muy claro y útil
1110,Luis Fernández,Gracias por compartir
1111,David Morales,Gracias por compartir
1112,Andrés Salazar,Gracias por el tutorial
1113,María José Vargas,Gracias por compartir
1114,Ana María Jiménez,Gracias por el tutorial
1115,Gabriela Medina,Muy buen video
1116,Sandra Pérez,Gracias por el esfuerzo
1117,Natalia Cueva,Gracias por la información
1118,Sandra Pérez,Gracias por la información
1119,Andrés Salazar,Gracias por el esfuerzo
1120,Carlos Ramírez,Gracias por compartir
1121,Paula Martínez,Gracias por compartir
1122,Fernando Gómez,Excelente explicación
1123,Gabriela Medina,Muy buen video
1124,Carlos Ramírez,Gracias por el tutorial
1125,María José Vargas,Gracias por compartir
1126,Gabriela Medina,Muy claro y completo
1127,Laura Herrera,Buen trabajo
1128,Paula Martínez,Muy buen contenido
1129,Natalia Cueva,Muy buen contenido
1130,Ricardo Morales,Muy claro y completo
1131,Andrés Salazar,Gracias por el esfuerzo
1132,Ana María Jiménez,Buen trabajo
1133,Paula Martínez,Excelente explicación
1134,Manuel Castro,Muy interesante
1135,Luis Fernández,Muy claro y completo
1136,María José Vargas,Muy claro y completo
1137,Luis Fernández,Muy claro y completo
1138,Diego López,Muy claro y completo
1139,Ricardo Morales,Buen trabajo
1140,Natalia Cueva,Gracias por el tutorial
1141,Juan Carlos Fernández,Muy buen contenido
1142,Carlos Ramírez,Buen trabajo
1143,Fernando Gómez,Buen trabajo
1144,Juan Carlos Fernández,Gracias por el tutorial
1145,Carlos Ramírez,Gracias por la información
1146,Camila Sánchez,Gracias por el esfuerzo
1147,Andrés Salazar,Muy interesante
1148,David Morales,Excelente explicación
1149,Laura Herrera,Muy buen video
1150,Sandra Pérez,Excelente explicación
1151,Ana María Jiménez,Gracias por el esfuerzo
1152,Natalia Cueva,Gracias por el esfuerzo
1153,Fernando Gómez,Buen trabajo
1154,Manuel Castro,Muy buen contenido
1155,Natalia Cueva,Muy claro y completo
1156,Luis Fernández,Gracias por la información
1157,Paula Martínez,Muy claro y completo
1158,Natalia Cueva,Buen trabajo
1159,José Paredes,Gracias por compartir
1160,Juan Carlos Fernández,Muy buen video
1161,José Paredes,Muy claro y completo
1162,Carlos Ramírez,Gracias por el tutorial
1163,José Paredes,Excelente explicación
1164,Fernando Gómez,Gracias por el tutorial
1165,Fernando Gómez,Muy buen video
1166,Luis Fernández,Muy buen video
1167,Carlos Ramírez,Gracias por la información
1168,Camila Sánchez,Gracias por compartir
1169,Natalia Cueva,Muy claro y completo
1170,Diego López,Qué idiotez
1171,Laura Herrera,Gracias por compartir
1172,Paula Martínez,Muy interesante
1173,Manuel Castro,Gracias por compartir
1174,Gabriela Medina,Gracias por el esfuerzo
1175,Luis Fernández,Muy claro y completo
1176,Sandra Pérez,Gracias por el tutorial
1177,Manuel Castro,Muy buen video
1178,María José Vargas,Gracias por el esfuerzo
1179,Diana Ruiz,Gracias por la información
1180,Camila Sánchez,Gracias por la información
1181,Paula Martínez,Muy claro y útil
1182,Laura Herrera,Muy buen contenido
1183,Ricardo Morales,Gracias por el tutorial
1184,Laura Herrera,Gracias por compartir
1185,Sandra Pérez,Buen trabajo
1186,Natalia Cueva,Malísimo
1187,Fernando Gómez,Gracias por el tutorial
1188,Diana Ruiz,Una reverenda estupidez
1189,Juan Carlos Fernández,Esto es basura
1190,Ana María Jiménez,Muy buen video
1191,Diego López,Gracias por el tutorial
1192,José Paredes,Muy claro y completo
1193,Fernando Gómez,Gracias por el esfuerzo
1194,Natalia Cueva,Muy buen video
1195,María José Vargas,Excelente explicación
1196,Carlos Ramírez,Muy claro y útil
1197,Diego López,Muy buen contenido
1198,Camila Sánchez,Gracias por el esfuerzo
1199,Diego López,Muy interesante
1200,Laura Herrera,Gracias por la información
1201,Natalia Cueva,Buen trabajo
1202,Luis Fernández,Muy interesante
1203,Diana Ruiz,Qué idiotez
1204,Paula Martínez,Muy buen contenido
1205,Manuel Castro,Gracias por compartir
1206,Andrés Salazar,Muy buen video
1207,Carlos Ramírez,Muy claro y completo
1208,Luis Fernández,Malísimo
1209,María José Vargas,Gracias por la información
1210,Andrés Salazar,Gracias por el esfuerzo
1211,Fernando Gómez,Excelente explicación
1212,Paula Martínez,Gracias por compartir
1213,Diana Ruiz,Muy buen contenido
1214,Juan Carlos Fernández,Basura total
1215,José Paredes,Buen trabajo
1216,Natalia Cueva,Muy buen video
1217,Gabriela Medina,Gracias por el esfuerzo
1218,Natalia Cueva,Basura total
1219,Camila Sánchez,Gracias por compartir
1220,David Morales,Muy interesante
1221,Laura Herrera,Muy claro y útil
1222,Ana María Jiménez,Muy interesante
1223,Diego López,Excelente explicación
1224,Diana Ruiz,Muy buen video
1225,María José Vargas,Gracias por el tutorial
1226,Diego López,Muy claro y útil
1227,Diana Ruiz,Muy buen video
1228,Diana Ruiz,Gracias por el esfuerzo
1229,Paula Martínez,Buen trabajo
1230,Camila Sánchez,Excelente explicación
1231,Manuel Castro,Muy interesante
1232,Diego López,Muy claro y útil
1233,Laura Herrera,Muy buen contenido
1234,Camila Sánchez,Muy buen contenido
1235,Ricardo Morales,No sirve para nada
1236,María José Vargas,Gracias por compartir
1237,Fernando Gómez,Excelente explicación
1238,David Morales,Excelente explicación
1239,Laura Herrera,Muy buen video
1240,Natalia Cueva,Gracias por compartir
1241,Ana María Jiménez,Excelente explicación
1242,Sandra Pérez,Muy claro y útil
1243,Julia Torres,No sirve para nada
1244,José Paredes,Muy buen contenido
1245,Paula Martínez,Muy interesante
1246,Juan Carlos Fernández,Gracias por la información
1247,Natalia Cueva,Muy buen video
1248,Ana María Jiménez,Muy buen contenido
1249,Natalia Cueva,Muy claro y completo
1250,Andrés Salazar,Gracias por compartir
1251,Diego López,Muy buen contenido
1252,Manuel Castro,Muy buen video
1253,Camila Sánchez,Muy interesante
1254,Camila Sánchez,Esto es basura
1255,Sandra Pérez,Gracias por la información
1256,Diego López,Muy buen video
1257,María José Vargas,Gracias por el tutorial
1258,Luis Fernández,Gracias por compartir
1259,Sandra Pérez,Muy buen video
1260,José Paredes,Gracias por el tutorial
1261,Juan Carlos Fernández,Gracias por el tutorial
1262,José Paredes,Muy claro y útil
1263,María José Vargas,Muy buen video
1264,Camila Sánchez,Buen trabajo
1265,José Paredes,Excelente explicación
1266,Ana María Jiménez,No sirve para nada
1267,Carlos Ramírez,No sirve para nada
1268,Luis Fernández,Buen trabajo
1269,Carlos Ramírez,Muy interesante
1270,Paula Martínez,Basura total
1271,David Morales,Muy buen video
1272,José Paredes,Muy claro y útil
1273,Camila Sánchez,Gracias por la información
1274,Fernando Gómez,Excelente explicación
1275,David Morales,Gracias por el esfuerzo
1276,Juan Carlos Fernández,Muy buen contenido
1277,Paula Martínez,Excelente explicación
1278,Ricardo Morales,Buen trabajo
1279,Andrés Salazar,Gracias por la información
1280,Sandra Pérez,Muy buen video
1281,Paula Martínez,Excelente explicación
1282,Gabriela Medina,Muy buen video
1283,Luis Fernández,Muy interesante
1284,Fernando Gómez,Gracias por la información
1285,Gabriela Medina,Excelente explicación
1286,Fernando Gómez,Muy buen contenido
1287,Fernando Gómez,Muy interesante
1288,Laura Herrera,Muy buen contenido
1289,David Morales,Gracias por el esfuerzo
1290,David Morales,Muy claro y completo
1291,Laura Herrera,Gracias por el esfuerzo
1292,Luis Fernández,Esto es basura
1293,Paula Martínez,Gracias por el esfuerzo
1294,Andrés Salazar,Excelente explicación
1295,Juan Carlos Fernández,Muy claro y completo
1296,Ana María Jiménez,Gracias por el esfuerzo
1297,José Paredes,Buen trabajo
1298,Ricardo Morales,Gracias por el tutorial
1299,Diego López,Muy interesante
1300,Andrés Salazar,Basura total
1301,Julia Torres,No sirve para nada
1302,Andrés Salazar,Pésimo
1303,Carlos Ramírez,Basura total
1304,Natalia Cueva,Gracias por el esfuerzo
1305,Fernando Gómez,Muy buen video
1306,Ana María Jiménez,Muy claro y útil
1307,Paula Martínez,Muy buen contenido
1308,Laura Herrera,Este video es una mierda
1309,José Paredes,Gracias por compartir
1310,Julia Torres,Muy claro y completo
1311,David Morales,Muy interesante
1312,David Morales,Muy buen contenido
1313,Ricardo Morales,Muy buen contenido
1314,Luis Fernández,Gracias por el tutorial
1315,Laura Herrera,Muy claro y completo
1316,Luis Fernández,Muy claro y útil
1317,Paula Martínez,Muy claro y completo
1318,Paula Martínez,Muy claro y completo
1319,José Paredes,Muy interesante
1320,Gabriela Medina,Muy buen video
1321,Juan Carlos Fernández,No sirve para nada
1322,Ana María Jiménez,Gracias por el tutorial
1323,Ricardo Morales,Gracias por el tutorial
1324,María José Vargas,Buen trabajo
1325,Andrés Salazar,Gracias por la información
1326,María José Vargas,Muy buen video
1327,Diego López,Buen trabajo
1328,Ana María Jiménez,Gracias por la información
1329,Ricardo Morales,Gracias por la información
1330,Natalia Cueva,Este video es una mierda
1331,Fernando Gómez,Buen trabajo
1332,Camila Sánchez,Muy buen video
1333,José Paredes,Gracias por el tutorial
1334,Camila Sánchez,Gracias por la información
1335,Carlos Ramírez,Muy claro y completo
1336,Carlos Ramírez,Qué porquería de contenido
1337,Diana Ruiz,Excelente explicación
1338,Laura Herrera,Muy buen video
1339,David Morales,Buen trabajo
1340,David Morales,Muy buen contenido
1341,Andrés Salazar,Excelente explicación
1342,María José Vargas,Gracias por el esfuerzo
1343,Julia Torres,Gracias por compartir
1344,Gabriela Medina,Gracias por compartir
1345,Ana María Jiménez,Esto apesta
1346,Laura Herrera,Muy buen contenido
1347,Diego López,Muy buen contenido
1348,Fernando Gómez,Muy buen video
1349,Sandra Pérez,Gracias por el tutorial
1350,Sandra Pérez,Esto es una mierda
1351,Camila Sánchez,Muy buen contenido
1352,Laura Herrera,Excelente explicación
1353,Andrés Salazar,Muy interesante
1354,Fernando Gómez,Muy buen contenido
1355,Andrés Salazar,Qué porquería de contenido
1356,Camila Sánchez,Muy interesante
1357,Camila Sánchez,Esto es una mierda
1358,Diego López,Muy interesante
1359,Gabriela Medina,Gracias por la información
1360,Diego López,Muy buen contenido
1361,Ana María Jiménez,Gracias por compartir
1362,David Morales,Excelente explicación
1363,Gabriela Medina,"No aprendí nada, estúpido contenido"
1364,Luis Fernández,Gracias por el tutorial
1365,Camila Sánchez,Muy interesante
1366,Andrés Salazar,Esto apesta
1367,Fernando Gómez,Gracias por el esfuerzo
1368,María José Vargas,Qué porquería de contenido
1369,Diana Ruiz,Muy claro y completo
1370,Andrés Salazar,Muy claro y útil
1371,Paula Martínez,Muy claro y completo
1372,Juan Carlos Fernández,Muy buen video
1373,Gabriela Medina,Muy claro y útil
1374,Laura Herrera,Gracias por compartir
1375,Sandra Pérez,Muy buen video
1376,Gabriela Medina,Gracias por compartir
1377,Laura Herrera,Excelente explicación
1378,Sandra Pérez,Esto es basura
1379,José Paredes,Esto es basura
1380,Fernando Gómez,Excelente explicación
1381,María José Vargas,Muy buen video
1382,Carlos Ramírez,Muy buen contenido
1383,Diego López,Gracias por la información
1384,Gabriela Medina,Esto apesta
1385,Julia Torres,Muy claro y útil
1386,Diego López,Muy interesante
1387,Laura Herrera,Muy interesante
1388,Natalia Cueva,Gracias por compartir
1389,Julia Torres,Muy claro y útil
1390,David Morales,Gracias por compartir
1391,Ana María Jiménez,Buen trabajo
1392,Ricardo Morales,Muy interesante
1393,Sandra Pérez,Muy buen video
1394,Diego López,Muy interesante
1395,María José Vargas,Muy claro y completo
1396,Juan Carlos Fernández,Muy buen contenido
1397,Manuel Castro,Muy buen video
1398,Andrés Salazar,Gracias por el tutorial
1399,Ricardo Morales,Gracias por el esfuerzo
1400,Julia Torres,Muy claro y útil
1401,Ana María Jiménez,Muy buen video
1402,Paula Martínez,Muy buen contenido
1403,María José Vargas,Muy buen video
1404,Paula Martínez,Gracias por el esfuerzo
1405,María José Vargas,Esto es una mierda
1406,Manuel Castro,Gracias por el tutorial
1407,Fernando Gómez,Este video es una mierda
1408,Carlos Ramírez,Muy claro y útil
1409,Ricardo Morales,Buen trabajo
1410,Fernando Gómez,Una reverenda estupidez
1411,Ricardo Morales,Gracias por el esfuerzo
1412,Ana María Jiménez,Esto es una mierda
1413,Gabriela Medina,Gracias por el tutorial
1414,Fernando Gómez,Muy buen video
1415,Manuel Castro,Basura total
1416,Paula Martínez,Muy claro y útil
1417,David Morales,Gracias por el esfuerzo
1418,Paula Martínez,Gracias por compartir
1419,Julia Torres,Muy claro y completo
1420,Laura Herrera,Buen trabajo
1421,Camila Sánchez,Muy buen contenido
1422,Ana María Jiménez,Gracias por compartir
1423,Camila Sánchez,No sirve para nada
1424,Diego López,Gracias por la información
1425,Ricardo Morales,Buen trabajo
1426,Laura Herrera,Gracias por el tutorial
1427,Fernando Gómez,Gracias por la información
1428,José Paredes,Muy claro y útil
1429,Julia Torres,Muy claro y completo
1430,Fernando Gómez,Qué porquería de contenido
1431,Gabriela Medina,Pésimo
1432,Ana María Jiménez,Muy buen contenido
1433,Paula Martínez,Excelente explicación
1434,Ricardo Morales,Muy claro y útil
1435,Manuel Castro,Buen trabajo
1436,David Morales,Gracias por el esfuerzo
1437,Luis Fernández,Muy claro y útil
1438,Fernando Gómez,Muy buen contenido
1439,Luis Fernández,Muy buen video
1440,David Morales,Gracias por compartir
1441,Natalia Cueva,Muy claro y útil
1442,Diego López,Muy buen video
1443,Ricardo Morales,Basura total
1444,María José Vargas,Gracias por el tutorial
1445,Sandra Pérez,Muy buen video
1446,Camila Sánchez,Esto es basura
1447,María José Vargas,Gracias por el esfuerzo
1448,Diana Ruiz,Muy claro y útil
1449,José Paredes,Buen trabajo
1450,Paula Martínez,Excelente explicación
1451,Manuel Castro,Muy interesante
1452,Sandra Pérez,Muy interesante
1453,Diana Ruiz,Muy interesante
1454,Natalia Cueva,Muy claro y útil
1455,Laura Herrera,Gracias por el tutorial
1456,Manuel Castro,Basura total
1457,Diana Ruiz,Buen trabajo
1458,Camila Sánchez,Muy interesante
1459,Camila Sánchez,Muy interesante
1460,Paula Martínez,Gracias por el esfuerzo
1461,Manuel Castro,Muy buen contenido
1462,Julia Torres,Gracias por el tutorial
1463,Andrés Salazar,Gracias por la información
1464,Ricardo Morales,Gracias por compartir
1465,Andrés Salazar,Muy buen contenido
1466,María José Vargas,Este video es una mierda
1467,Ricardo Morales,Muy buen contenido
1468,Camila Sánchez,Gracias por compartir
1469,Julia Torres,Buen trabajo
1470,Andrés Salazar,Muy buen video
1471,Natalia Cueva,Gracias por el tutorial
1472,Diana Ruiz,Muy claro y completo
1473,Natalia Cueva,Muy claro y completo
1474,David Morales,No sirve para nada
1475,Ana María Jiménez,Muy interesante
1476,Juan Carlos Fernández,Gracias por el esfuerzo
1477,Luis Fernández,Muy buen contenido
1478,Juan Carlos Fernández,Gracias por la información
1479,Gabriela Medina,No sirve para nada
1480,José Paredes,Muy interesante
1481,Ana María Jiménez,Buen trabajo
1482,Diana Ruiz,Muy claro y útil
1483,Manuel Castro,Gracias por la información
1484,Manuel Castro,Buen trabajo
1485,Fernando Gómez,Muy interesante
1486,Julia Torres,Gracias por el tutorial
1487,Ana María Jiménez,"No aprendí nada, estúpido contenido"
1488,Fernando Gómez,Gracias por el esfuerzo
1489,Fernando Gómez,Muy interesante
1490,Ricardo Morales,Muy interesante
1491,Julia Torres,Muy interesante
1492,Juan Carlos Fernández,Gracias por la información
1493,Ricardo Morales,Gracias por el esfuerzo
1494,Diego López,Muy claro y completo
1495,Diego López,Gracias por el tutorial
1496,Julia Torres,Excelente explicación
1497,Manuel Castro,Gracias por compartir
1498,Natalia Cueva,Gracias por la información
1499,Juan Carlos Fernández,"No aprendí nada, estúpido contenido"
1500,Paula Martínez,Muy claro y útil
1501,Juan Carlos Fernández,Muy buen contenido
1502,Manuel Castro,Buen trabajo
1503,José Paredes,Buen trabajo
1504,Diana Ruiz,Muy buen contenido
1505,David Morales,Excelente explicación
1506,Diana Ruiz,Gracias por el tutorial
1507,Julia Torres,Buen trabajo
1508,Fernando Gómez,Muy buen video
1509,Diego López,Muy buen contenido
1510,Natalia Cueva,Muy interesante
1511,Paula Martínez,Muy buen contenido
1512,Julia Torres,Excelente explicación
1513,Ricardo Morales,Muy buen video
1514,David Morales,Muy buen contenido
1515,Ricardo Morales,Gracias por la información
1516,Paula Martínez,Gracias por la información
1517,Luis Fernández,Muy buen video
1518,Carlos Ramírez,No sirve para nada
1519,Fernando Gómez,Una reverenda estupidez
1520,Laura Herrera,Gracias por compartir
1521,Paula Martínez,Gracias por el tutorial
1522,Natalia Cueva,Gracias por compartir
1523,Natalia Cueva,Muy buen video
1524,Sandra Pérez,Gracias por la información
1525,Natalia Cueva,Qué porquería de contenido
1526,Ana María Jiménez,Muy claro y completo
1527,Camila Sánchez,Gracias por compartir
1528,Fernando Gómez,Esto es una mierda
1529,Laura Herrera,Muy buen video
1530,Juan Carlos Fernández,Gracias por compartir
1531,Diego López,Gracias por compartir
1532,Camila Sánchez,Muy interesante
1533,Paula Martínez,Muy claro y útil
1534,Sandra Pérez,Muy buen contenido
1535,Laura Herrera,Buen trabajo
1536,Diana Ruiz,Buen trabajo
1537,Paula Martínez,Muy claro y útil
1538,Ana María Jiménez,Gracias por compartir
1539,Andrés Salazar,Muy buen contenido
1540,Natalia Cueva,Muy buen video
1541,Laura Herrera,Muy claro y completo
1542,Luis Fernández,Gracias por el tutorial
1543,Sandra Pérez,Excelente explicación
1544,Carlos Ramírez,Excelente explicación
1545,José Paredes,Excelente explicación
1546,Gabriela Medina,Buen trabajo
1547,Andrés Salazar,Muy claro y útil
1548,Natalia Cueva,Gracias por compartir
1549,Ana María Jiménez,Muy interesante
1550,Ana María Jiménez,Gracias por la información
1551,Laura Herrera,Esto es una mierda
1552,Fernando Gómez,Buen trabajo
1553,Gabriela Medina,Buen trabajo
1554,José Paredes,Buen trabajo
1555,José Paredes,Buen trabajo
1556,José Paredes,Buen trabajo
1557,Ana María Jiménez,Muy interesante
1558,Paula Martínez,No sirve para nada
1559,José Paredes,Muy buen video
1560,Andrés Salazar,Muy claro y completo
1561,Laura Herrera,Muy buen video
1562,Paula Martínez,Gracias por compartir
1563,David Morales,Muy claro y útil
1564,José Paredes,Gracias por el tutorial
1565,Diana Ruiz,Buen trabajo
1566,Sandra Pérez,Muy claro y completo
1567,Ana María Jiménez,Gracias por la información
1568,Laura Herrera,Excelente explicación
1569,Andrés Salazar,Muy claro y útil
1570,Camila Sánchez,Gracias por el tutorial
1571,José Paredes,Gracias por compartir
1572,Manuel Castro,Muy interesante
1573,Laura Herrera,Muy buen video
1574,David Morales,Gracias por el esfuerzo
1575,Andrés Salazar,Gracias por el tutorial
1576,Carlos Ramírez,Gracias por compartir
1577,Ricardo Morales,Gracias por la información
1578,Diana Ruiz,Excelente explicación
1579,Ana María Jiménez,Muy buen video
1580,Julia Torres,Excelente explicación
1581,Luis Fernández,Gracias por compartir
1582,Sandra Pérez,Muy claro y útil
1583,Andrés Salazar,Gracias por el esfuerzo
1584,Diego López,Muy buen contenido
1585,Ricardo Morales,Gracias por la información
1586,David Morales,Muy buen contenido
1587,Paula Martínez,Muy claro y completo
1588,Ana María Jiménez,Buen trabajo
1589,Natalia Cueva,Buen trabajo
1590,Ana María Jiménez,Muy buen video
1591,José Paredes,Muy buen contenido
1592,Andrés Salazar,Muy buen video
1593,Sandra Pérez,Muy claro y útil
1594,Diana Ruiz,Gracias por compartir
1595,David Morales,Muy claro y útil
1596,José Paredes,Excelente explicación
1597,Andrés Salazar,Gracias por el tutorial
1598,Laura Herrera,Muy interesante
1599,Fernando Gómez,Gracias por el tutorial
1600,María José Vargas,Muy buen video
1601,Diana Ruiz,Buen trabajo
1602,Andrés Salazar,Excelente explicación
1603,Ricardo Morales,Muy claro y completo
1604,Laura Herrera,Muy claro y útil
1605,Ricardo Morales,Gracias por la información
1606,Ana María Jiménez,Muy claro y completo
1607,Natalia Cueva,Muy interesante
1608,María José Vargas,Gracias por la información
1609,José Paredes,Muy interesante
1610,Ricardo Morales,Qué idiotez
1611,Sandra Pérez,Muy buen video
1612,Natalia Cueva,Buen trabajo
1613,Julia Torres,Muy buen video
1614,Natalia Cueva,Muy claro y útil
1615,Diego López,Muy claro y completo
1616,Ana María Jiménez,Qué porquería de contenido
1617,Ricardo Morales,Gracias por el tutorial
1618,Luis Fernández,Excelente explicación
1619,Luis Fernández,Esto es una mierda
1620,Camila Sánchez,Gracias por compartir
1621,Natalia Cueva,Muy interesante
1622,Camila Sánchez,Buen trabajo
1623,Juan Carlos Fernández,Excelente explicación
1624,Diego López,Gracias por el tutorial
1625,David Morales,Muy interesante
1626,Sandra Pérez,Gracias por la información
1627,Luis Fernández,Muy interesante
1628,David Morales,Gracias por el tutorial
1629,Julia Torres,Muy claro y útil
1630,Laura Herrera,Muy claro y completo
1631,Paula Martínez,Muy buen video
1632,Carlos Ramírez,Buen trabajo
1633,Julia Torres,Esto apesta
1634,Paula Martínez,Muy claro y completo
1635,Gabriela Medina,Muy claro y útil
1636,Gabriela Medina,Gracias por el esfuerzo
1637,Natalia Cueva,Excelente explicación
1638,Camila Sánchez,Muy claro y útil
1639,Camila Sánchez,Muy buen video
1640,Laura Herrera,Muy interesante
1641,Julia Torres,Excelente explicación
1642,Luis Fernández,Muy buen video
1643,Paula Martínez,Muy interesante
1644,Ana María Jiménez,Muy interesante
1645,José Paredes,Muy buen video
1646,David Morales,Muy buen contenido
1647,Ricardo Morales,Muy claro y útil
1648,Ricardo Morales,Gracias por el esfuerzo
1649,Paula Martínez,Excelente explicación
1650,Ricardo Morales,Muy claro y útil
1651,Sandra Pérez,Muy buen contenido
1652,Diego López,Gracias por la información
1653,José Paredes,Gracias por el tutorial
1654,María José Vargas,Muy interesante
1655,José Paredes,Muy interesante
1656,David Morales,Gracias por el esfuerzo
1657,Gabriela Medina,Muy claro y útil
1658,Diego López,Muy claro y completo
1659,Paula Martínez,Gracias por el esfuerzo
1660,Sandra Pérez,Excelente explicación
1661,Diana Ruiz,Muy buen contenido
1662,Diego López,Muy interesante
1663,Fernando Gómez,Excelente explicación
1664,José Paredes,Gracias por la información
1665,Ricardo Morales,Gracias por el esfuerzo
1666,María José Vargas,Muy interesante
1667,María José Vargas,Gracias por la información
1668,Sandra Pérez,Gracias por el esfuerzo
1669,José Paredes,Muy buen video
1670,Juan Carlos Fernández,Gracias por el esfuerzo
1671,Manuel Castro,Gracias por la información
1672,José Paredes,Gracias por compartir
1673,David Morales,Gracias por compartir
1674,Julia Torres,Muy interesante
1675,Sandra Pérez,Muy buen video
1676,Gabriela Medina,Muy claro y completo
1677,Laura Herrera,Gracias por el tutorial
1678,Ana María Jiménez,Muy buen contenido
1679,David Morales,Gracias por compartir
1680,María José Vargas,Muy claro y completo
1681,Gabriela Medina,Muy buen contenido
1682,Sandra Pérez,Excelente explicación
1683,Camila Sánchez,Gracias por la información
1684,Paula Martínez,Gracias por el tutorial
1685,Fernando Gómez,Excelente explicación
1686,Ricardo Morales,Excelente explicación
1687,Paula Martínez,Gracias por la información
1688,Diana Ruiz,Basura total
1689,Ana María Jiménez,Muy buen video
1690,Juan Carlos Fernández,Excelente explicación
1691,Carlos Ramírez,Muy buen video
1692,Juan Carlos Fernández,Excelente explicación
1693,David Morales,Gracias por el tutorial
1694,Luis Fernández,Muy buen contenido
1695,Fernando Gómez,Esto es una mierda
1696,Julia Torres,Gracias por la información
1697,Ana María Jiménez,Excelente explicación
1698,José Paredes,Muy claro y útil
1699,José Paredes,Muy buen video
1700,Gabriela Medina,Muy claro y útil
1701,Sandra Pérez,Muy buen contenido
1702,Natalia Cueva,Gracias por el esfuerzo
1703,María José Vargas,Gracias por el tutorial
1704,Julia Torres,Gracias por compartir
1705,Gabriela Medina,Basura total
1706,Julia Torres,Gracias por el tutorial
1707,Camila Sánchez,Gracias por la información
1708,Natalia Cueva,Gracias por el esfuerzo
1709,María José Vargas,Gracias por la información
1710,David Morales,"No aprendí nada, estúpido contenido"
1711,Andrés Salazar,Buen trabajo
1712,Julia Torres,Muy interesante
1713,María José Vargas,Gracias por el tutorial
1714,Carlos Ramírez,Buen trabajo
1715,Sandra Pérez,Gracias por compartir
1716,Fernando Gómez,Excelente explicación
1717,Luis Fernández,Pésimo
1718,David Morales,Muy buen contenido
1719,Diana Ruiz,Muy buen contenido
1720,Ricardo Morales,Muy buen contenido
1721,Diego López,Muy claro y útil
1722,Camila Sánchez,Muy claro y completo
1723,Carlos Ramírez,Muy buen contenido
1724,Ana María Jiménez,Gracias por compartir
1725,José Paredes,Gracias por el esfuerzo
1726,Carlos Ramírez,Buen trabajo
1727,Andrés Salazar,Excelente explicación
1728,Gabriela Medina,Muy buen contenido
1729,Manuel Castro,No sirve para nada
1730,Andrés Salazar,Buen trabajo
1731,Gabriela Medina,Muy interesante
1732,José Paredes,Muy buen video
1733,Fernando Gómez,Muy buen video
1734,Fernando Gómez,Excelente explicación
1735,David Morales,Muy buen contenido
1736,Diego López,Muy buen video
1737,Diana Ruiz,Muy interesante
1738,Manuel Castro,Buen trabajo
1739,María José Vargas,Gracias por el esfuerzo
1740,Fernando Gómez,Muy buen contenido
1741,Carlos Ramírez,Muy interesante
1742,Paula Martínez,Gracias por el tutorial
1743,Camila Sánchez,Gracias por el esfuerzo
1744,Diana Ruiz,Gracias por el esfuerzo
1745,Fernando Gómez,Muy buen contenido
1746,Andrés Salazar,Gracias por el tutorial
1747,David Morales,Muy buen video
1748,Ana María Jiménez,Gracias por el tutorial
1749,Andrés Salazar,Gracias por la información
1750,Ricardo Morales,Gracias por la información
1751,Carlos Ramírez,Este video es una mierda
1752,María José Vargas,Muy buen video
1753,Camila Sánchez,Excelente explicación
1754,María José Vargas,Buen trabajo
1755,Camila Sánchez,Gracias por el tutorial
1756,Ricardo Morales,Gracias por la información
1757,Fernando Gómez,Gracias por el esfuerzo
1758,Camila Sánchez,Excelente explicación
1759,Luis Fernández,Gracias por la información
1760,David Morales,Gracias por la información
1761,Natalia Cueva,Gracias por compartir
1762,Juan Carlos Fernández,Gracias por compartir
1763,David Morales,Excelente explicación
1764,Luis Fernández,Gracias por el tutorial
1765,María José Vargas,Buen trabajo
1766,María José Vargas,Gracias por el tutorial
1767,Ana María Jiménez,Buen trabajo
1768,David Morales,Buen trabajo
1769,Laura Herrera,Gracias por el esfuerzo
1770,Juan Carlos Fernández,Excelente explicación
1771,Diana Ruiz,Muy buen video
1772,José Paredes,Gracias por el tutorial
1773,Ricardo Morales,Buen trabajo
1774,José Paredes,Muy claro y útil
1775,Juan Carlos Fernández,Gracias por el esfuerzo
1776,Juan Carlos Fernández,Esto es basura
1777,David Morales,Excelente explicación
1778,Juan Carlos Fernández,Muy claro y útil
1779,Gabriela Medina,Gracias por la información
1780,Camila Sánchez,Gracias por compartir
1781,Manuel Castro,Esto es basura
1782,Sandra Pérez,Muy buen contenido
1783,David Morales,Excelente explicación
1784,Fernando Gómez,Gracias por la información
1785,Carlos Ramírez,Gracias por la información
1786,Paula Martínez,Muy buen contenido
1787,María José Vargas,"No aprendí nada, estúpido contenido"
1788,Ricardo Morales,Muy buen video
1789,Ricardo Morales,Buen trabajo
1790,Julia Torres,Gracias por la información
1791,Paula Martínez,Muy claro y completo
1792,Juan Carlos Fernández,Muy buen contenido
1793,Diego López,Muy interesante
1794,Manuel Castro,Gracias por compartir
1795,Diana Ruiz,Qué idiotez
1796,Julia Torres,Gracias por el tutorial
1797,Andrés Salazar,Muy claro y completo
1798,Andrés Salazar,Muy buen video
1799,Andrés Salazar,Gracias por la información
1800,Carlos Ramírez,Excelente explicación
1801,Ana María Jiménez,Muy claro y completo
1802,David Morales,Muy buen video
1803,José Paredes,Muy claro y útil
1804,Sandra Pérez,Buen trabajo
1805,Paula Martínez,Excelente explicación
1806,Luis Fernández,Gracias por el esfuerzo
1807,Andrés Salazar,Gracias por compartir
1808,Natalia Cueva,Muy buen contenido
1809,Gabriela Medina,Excelente explicación
1810,Andrés Salazar,Muy claro y útil
1811,Natalia Cueva,Muy claro y útil
1812,Juan Carlos Fernández,Muy claro y útil
1813,Natalia Cueva,Excelente explicación
1814,Sandra Pérez,Gracias por el esfuerzo
1815,Camila Sánchez,Buen trabajo
1816,María José Vargas,Gracias por el tutorial
1817,Camila Sánchez,Muy claro y completo
1818,Luis Fernández,Gracias por compartir
1819,Fernando Gómez,Gracias por la información
1820,David Morales,Excelente explicación
1821,Ana María Jiménez,Excelente explicación
1822,Sandra Pérez,Muy claro y completo
1823,David Morales,Buen trabajo
1824,David Morales,Gracias por el esfuerzo
1825,Carlos Ramírez,Excelente explicación
1826,Diana Ruiz,Gracias por la información
1827,Natalia Cueva,Buen trabajo
1828,Diana Ruiz,Muy buen contenido
1829,Manuel Castro,Muy buen video
1830,David Morales,Esto apesta
1831,María José Vargas,Gracias por compartir
1832,Ana María Jiménez,Gracias por compartir
1833,Diego López,Esto apesta
1834,Laura Herrera,Muy buen contenido
1835,Gabriela Medina,Gracias por el tutorial
1836,Sandra Pérez,Gracias por la información
1837,Sandra Pérez,Buen trabajo
1838,Andrés Salazar,Muy interesante
1839,Ricardo Morales,Muy claro y completo
1840,David Morales,Gracias por compartir
1841,Ricardo Morales,Muy claro y útil
1842,Julia Torres,Muy claro y útil
1843,Diana Ruiz,Gracias por compartir
1844,Andrés Salazar,Muy claro y completo
1845,Sandra Pérez,Excelente explicación
1846,Juan Carlos Fernández,Muy buen video
1847,Fernando Gómez,Muy interesante
1848,Ricardo Morales,Gracias por el tutorial
1849,Gabriela Medina,Gracias por el esfuerzo
1850,Andrés Salazar,Una reverenda estupidez
1851,Camila Sánchez,Buen trabajo
1852,Natalia Cueva,Excelente explicación
1853,Diego López,Gracias por el tutorial
1854,Ana María Jiménez,Muy buen video
1855,Diana Ruiz,Gracias por el tutorial
1856,Camila Sánchez,Gracias por el tutorial
1857,Laura Herrera,Gracias por compartir
1858,Laura Herrera,Excelente explicación
1859,Luis Fernández,Muy buen contenido
1860,Andrés Salazar,Qué idiotez
1861,Luis Fernández,Gracias por el esfuerzo
1862,José Paredes,Muy buen contenido
1863,Juan Carlos Fernández,Gracias por el esfuerzo
1864,María José Vargas,Gracias por compartir
1865,Ana María Jiménez,Muy buen video
1866,Diana Ruiz,Gracias por el tutorial
1867,Diana Ruiz,Buen trabajo
1868,Sandra Pérez,Excelente explicación
1869,Natalia Cueva,Gracias por la información
1870,Diego López,Muy buen video
1871,Laura Herrera,Gracias por compartir
1872,Luis Fernández,Gracias por el tutorial
1873,Andrés Salazar,Muy interesante
1874,Laura Herrera,Muy interesante
1875,Laura Herrera,Muy buen video
1876,Fernando Gómez,Buen trabajo
1877,David Morales,Gracias por el esfuerzo
1878,Andrés Salazar,Muy claro y útil
1879,Camila Sánchez,Gracias por el tutorial
1880,Manuel Castro,Gracias por el tutorial
1881,Camila Sánchez,Muy claro y completo
1882,Carlos Ramírez,Muy interesante
1883,Andrés Salazar,Buen trabajo
1884,Camila Sánchez,Buen trabajo
1885,Natalia Cueva,Gracias por el esfuerzo
1886,Laura Herrera,Buen trabajo
1887,Luis Fernández,Gracias por el tutorial
1888,Manuel Castro,Buen trabajo
1889,Carlos Ramírez,Gracias por el esfuerzo
1890,Julia Torres,Gracias por el esfuerzo
1891,Diego López,Pésimo
1892,Julia Torres,Muy claro y útil
1893,Fernando Gómez,Muy buen video
1894,Ana María Jiménez,Gracias por la información
1895,Julia Torres,Buen trabajo
1896,Ana María Jiménez,Muy buen contenido
1897,Camila Sánchez,Muy interesante
1898,Natalia Cueva,Gracias por el tutorial
1899,Gabriela Medina,Muy claro y completo
1900,Carlos Ramírez,Muy claro y completo
1901,Diego López,Una reverenda estupidez
1902,María José Vargas,Muy claro y útil
1903,Fernando Gómez,Muy interesante
1904,Fernando Gómez,Excelente explicación
1905,Sandra Pérez,Excelente explicación
1906,Ricardo Morales,Muy claro y completo
1907,Diego López,Buen trabajo
1908,Carlos Ramírez,No sirve para nada
1909,Camila Sánchez,Muy buen video
1910,Julia Torres,"No aprendí nada, estúpido contenido"
1911,Ricardo Morales,Muy claro y útil
1912,Juan Carlos Fernández,Gracias por el tutorial
1913,José Paredes,Muy buen contenido
1914,Manuel Castro,Muy claro y útil
1915,Luis Fernández,Muy interesante
1916,Sandra Pérez,Gracias por el esfuerzo
1917,Diego López,Muy claro y útil
1918,Andrés Salazar,Gracias por la información
1919,Luis Fernández,Muy claro y completo
1920,Natalia Cueva,Excelente explicación
1921,Juan Carlos Fernández,Muy buen contenido
1922,Juan Carlos Fernández,Gracias por compartir
1923,Ricardo Morales,"No aprendí nada, estúpido contenido"
1924,Juan Carlos Fernández,Buen trabajo
1925,Andrés Salazar,Muy buen video
1926,Juan Carlos Fernández,Excelente explicación
1927,Laura Herrera,Muy claro y completo
1928,Sandra Pérez,Este video es una mierda
1929,Diego López,Excelente explicación
1930,Paula Martínez,Gracias por la información
1931,Juan Carlos Fernández,Gracias por la información
1932,José Paredes,Gracias por compartir
1933,Juan Carlos Fernández,Gracias por el esfuerzo
1934,José Paredes,Muy claro y completo
1935,Fernando Gómez,Excelente explicación
1936,Manuel Castro,Gracias por el tutorial
1937,Andrés Salazar,Gracias por el tutorial
1938,Manuel Castro,Gracias por compartir
1939,Ana María Jiménez,Gracias por el tutorial
1940,Carlos Ramírez,Buen trabajo
1941,Diana Ruiz,Muy buen contenido
1942,Juan Carlos Fernández,Esto es una mierda
1943,David Morales,Gracias por compartir
1944,Laura Herrera,Muy interesante
1945,María José Vargas,Esto es una mierda
1946,Sandra Pérez,Muy claro y útil
1947,Manuel Castro,Gracias por compartir
1948,Camila Sánchez,Muy claro y útil
1949,Sandra Pérez,Gracias por compartir
1950,Camila Sánchez,Excelente explicación
1951,Sandra Pérez,Muy buen video
1952,Fernando Gómez,Buen trabajo
1953,Laura Herrera,Muy buen contenido
1954,Diego López,Excelente explicación
1955,Diana Ruiz,Muy claro y útil
1956,José Paredes,"No aprendí nada, estúpido contenido"
1957,Sandra Pérez,Gracias por el tutorial
1958,María José Vargas,Gracias por compartir
1959,Gabriela Medina,Buen trabajo
1960,Diana Ruiz,No sirve para nada
1961,Sandra Pérez,Excelente explicación
1962,Luis Fernández,Muy buen contenido
1963,Fernando Gómez,Malísimo
1964,Luis Fernández,Buen trabajo
1965,Manuel Castro,Muy buen video
1966,Carlos Ramírez,Gracias por el tutorial
1967,Camila Sánchez,Muy buen contenido
1968,José Paredes,Buen trabajo
1969,Carlos Ramírez,Esto es una mierda
1970,Carlos Ramírez,Muy claro y completo
1971,Fernando Gómez,Excelente explicación
1972,María José Vargas,Muy buen video
1973,Laura Herrera,Gracias por la información
1974,Andrés Salazar,Gracias por compartir
1975,Diego López,Buen trabajo
1976,Manuel Castro,Gracias por el tutorial
1977,Diana Ruiz,Muy claro y útil
1978,Camila Sánchez,Excelente explicación
1979,Natalia Cueva,Muy claro y útil
1980,Laura Herrera,Muy interesante
1981,Ricardo Morales,Excelente explicación
1982,Paula Martínez,Gracias por el esfuerzo
1983,Julia Torres,Excelente explicación
1984,Sandra Pérez,Muy claro y útil
1985,Camila Sánchez,Gracias por la información
1986,Andrés Salazar,Excelente explicación
1987,Paula Martínez,Gracias por el tutorial
1988,David Morales,Muy interesante
1989,Natalia Cueva,Muy interesante
1990,José Paredes,Gracias por compartir
1991,Natalia Cueva,Gracias por el tutorial
1992,Camila Sánchez,Gracias por compartir
1993,Andrés Salazar,Muy claro y completo
1994,Manuel Castro,Esto apesta
1995,Diana Ruiz,"No aprendí nada, estúpido contenido"
1996,Ricardo Morales,Gracias por el esfuerzo
1997,Natalia Cueva,Gracias por la información
1998,Gabriela Medina,Muy buen contenido
1999,Juan Carlos Fernández,Excelente explicación
2000,María José Vargas,"No aprendí nada, estúpido contenido"